4f8hpj83,8w2bhy8lgyqvv20q3
dflx2om4,8vl6a0zbox6gfx312
u55vsfvh,8vfh59v19yaygpmzc
v8fvlwpz,8v24e7a0i7z6p488m
76stkaah,8sk9572v11p6bdtk7
bywxxxh2,8rpwfy76ywojis92n
z2s49upu,8p5fua5783tlowczs
nnge21ng,8ossq6c09ytf4fs3b
bmhqiwid,8n9wghu4w1lynlxoa
e5btpjux,8n7o9gdx8q68hocqh
0904hxp2,8ltcaqmcz7kr605st
nnge21ng,8iybf09oedj5qxh1x
e5btpjux,8id0b8cat4s5kmond
bmhqiwid,8i94481gshyieybbj
dflx2om4,8gwjk9ic0sl6t8kon
t3j7i7ti,8ck21aapbey5agjh3
0sakdlyr,8ax2fd2crnkdktjr2
0lynxear,8aol9kj54xu1jxmi5
nnge21ng,8a5q8tt1ridfbyoa6
e5btpjux,87ruooeaw8o76l106
n00j94n2,865z48oa4mcoaenu9
0904hxp2,85i2dygwf9n4dwwy2
z2s49upu,83tzchjiu1mx22e7p
z2s49upu,83c1u7mwv4x7zluuv
rgob61a9,82ct71ogobebyrl73
bmhqiwid,81pq63kstkrwdve9t
nnge21ng,7x8t5wi4f7k32kda7
bywxxxh2,7vrxtk0y75bvskq0k
0sakdlyr,7vo2fboha3kaix1aa
0sakdlyr,7uko8lbb7oz2cqp51
rgob61a9,7u7m1xgxkm2ylsu5a
l4mnpee8,7tg8zgccurlvq3uh3
v8fvlwpz,7sshu5367k9k1rbcu
dflx2om4,7sft0k0owjvh2wzt0
nnge21ng,7rxqsrzlbgawailty
76stkaah,7ovljq8bqq4wemdj2
bmhqiwid,7onn39j47ip83q107
0sakdlyr,7nufaq30hq15v1n89
u55vsfvh,7nlqpfoecfq7byxcm
l4mnpee8,7lhoj03yso8u8lon0
bywxxxh2,7l84tqjbxz2oudy4p
0sakdlyr,7kngonczw4mu6whlm
l4mnpee8,7klrj8f2259oijdvm
z2s49upu,7h6eh5ragv23k5r10
0904hxp2,7et53klofe1a07jt3
bywxxxh2,7ernwvda8po67vjn9
dflx2om4,7dmkbehn57roj8pqc
bywxxxh2,7die4q95jym4d38bf
0lynxear,7cs684doc9lehma7y
bywxxxh2,7c1thndo8no3s5dwi
t3j7i7ti,7c12gabyngco34dh3
t3j7i7ti,7b3qorc76qgfwt0g0
t3j7i7ti,7a0o5uvjq1wzw139p
0lynxear,79dcf46i03rxo9b6y
n00j94n2,78p5rwli5cae1qpx2
n00j94n2,76mjelznpw21f97fv
n00j94n2,75ewhmg0cc9l5qz7k
e5btpjux,74zjbd1cnlagwkkb2
0lynxear,74uj7pij7fin5sizt
76stkaah,74li1rb3tri0inxzm
0lynxear,72370g6mxmiu8dgtm
bywxxxh2,71b1st911s5unb2es
rgob61a9,6zn868lu7m7i1acob
u55vsfvh,6z73g0nq5n02xomuc
bmhqiwid,6xrvz7cfsuqaodnre
z2s49upu,6uhkg330qkrxdrnxg
nnge21ng,6tv469hto9fwupqn5
u55vsfvh,6shg5evgd5441egc1
4f8hpj83,6r72p5mctsn07oej2
nnge21ng,6qkfjoqv3jjbxe5d3
bywxxxh2,6o96wjph1lptg5q65
bmhqiwid,6msfel4zpnzbribdw
n2a7aqzn,6m3vmbh19127pce4v
0904hxp2,6k1df1oi680dbeyne
v8fvlwpz,6indxn83h20qg7eny
n00j94n2,6eppdqdoks2mdrql8
z2s49upu,6dpfxm6envvitus6b
2kpunuee,6b3mgwt7gronfd1x5
u55vsfvh,664prk01rnmwyd2o2
n2a7aqzn,609d52etjxaufq5b8
l4mnpee8,5zs1f6j3w65byjjeg
t3j7i7ti,5vmbnge1gnljuqn7m
0904hxp2,5s04b79wakhm02nu4
rgob61a9,5o1pbcfosb6hhvx4i
dflx2om4,5n2uwx9w6rdvddfce
e5btpjux,5j0efaqaflslggpzo
e5btpjux,5i34j4cfgdj2y1sic
l4mnpee8,5f7nakwtit8c9ywue
n2a7aqzn,5eupkw12rp31j0s4w
v8fvlwpz,59ansh5nlzftfjkgm
v8fvlwpz,59049u8m36w37snb6
4f8hpj83,56momwhj0zlfd190t
l4mnpee8,54i1hu6be6d0idg5v
z2s49upu,54967iqdcwah9hxyd
e5btpjux,52ensrn1hg2dd4c94
4f8hpj83,51hwru4krz3sflrz6
n00j94n2,51ad5ezu30tno556a
v8fvlwpz,50ib38u24t6sn7t7u
0904hxp2,4xl6g5tll5b45xngl
l4mnpee8,4xee8tmkrr9zt23sy
u55vsfvh,4vks4ch3oyvqf1cy7
dflx2om4,4uw7voso98bfk963v
0sakdlyr,4uf6so5elfe8gdf3i
rgob61a9,4u43j2tbyyp1t58bw
l4mnpee8,4t8ydm94pbgp5ra7l
t3j7i7ti,4sy2w5dhgqttqtsu6
nnge21ng,4sd1x719hp8ojwoan
bywxxxh2,4qbrd2j5avuq88m8j
n2a7aqzn,4oytdl8atdv2fvsra
e5btpjux,4olaa2c0pgpup0bhq
0904hxp2,4m72jh27rgizjxftu
z2s49upu,4m6mjvzs1l91o35eo
0sakdlyr,4lvl28jcmaquvkrjr
nnge21ng,4kfxb8d4rzucgsvhe
0sakdlyr,4ilw8mtojyvsa758i
0904hxp2,4hjcw1vowtn9wmgk9
0904hxp2,4frdmaywxf3njjvvi
n00j94n2,4fn9v0rct1qx1c9fx
rgob61a9,4fexbhr14w9j9dh7l
u55vsfvh,4e2gcijl3ia1cfhha
rgob61a9,4dv35lzqq4cfz8r3r
n00j94n2,4b9idclitvzvh2bm6
e5btpjux,47f1bug6ywqwzdr52
n00j94n2,47351pqjm6xpr78ep
u55vsfvh,459y0z7om4ocukwez
rgob61a9,454hehnc3xymv9dhf
0sakdlyr,43nxlv8d2v0ieskvd
dflx2om4,42f37xykgc3kwis33
0lynxear,40u7w995ilfn1qhcz
4f8hpj83,40ecfq0jdhu30atxu
4f8hpj83,3zg44sgoisnavfcov
0sakdlyr,3vb5h0j4q3z1rm0ud
4f8hpj83,3unq82hvghjwc20f5
u55vsfvh,3rxm413awe4od51eu
n2a7aqzn,3lk00nws34xklhupd
bywxxxh2,3jh4r2prs1dhgljsu
n00j94n2,3hv83qsni0gc0l03i
nnge21ng,3h6m4o8h042v3a8sw
4f8hpj83,3h4vqenflaoqhduo8
u55vsfvh,3gtcmhfrwy7251jp9
e5btpjux,3gg77492nzagsx6cq
0904hxp2,3ewg6iz8vzvl5z0fw
2kpunuee,3evo3g2dkhzcvtnos
l4mnpee8,3e47l3p9h8aoyfqp7
l4mnpee8,3cbziq2kj00ex62lj
2kpunuee,3c1jhzy1d3vqnwctf
n00j94n2,3bio70jglb654bh0p
76stkaah,3bfb27bq7ggm44u75
z2s49upu,3bbnvcy497ia4i7vr
76stkaah,3b7mmhovjjdw0tc59
t3j7i7ti,3a7uydjosdf7psqn0
4f8hpj83,38hkmzoc7r5szduyb
2kpunuee,37evz8ilgmdveasbt
e5btpjux,36sk2ctqk9vz42eee
bywxxxh2,35t2udaq8cqp6139l
dflx2om4,34u5k7wafij1jjh1r
e5btpjux,34e8nuhv2nngcspaa
e5btpjux,33scjwtaxwx7h1ooz
rgob61a9,317ebqxdjz2lw6sjx
76stkaah,2zrja3uuwyn09ezpx
t3j7i7ti,2z0pycz86b7vda4ds
2kpunuee,2xixzclkpvg51r5c2
u55vsfvh,2xa0gih7nifmscjx2
l4mnpee8,2x14ux2tojsi5r2sv
dflx2om4,2wbrprocv83xrf2w8
bmhqiwid,2waj1rgrav7sza64o
z2s49upu,2w6r9t93cig51fbja
l4mnpee8,2vm2t8bowfjp2x1s2
u55vsfvh,2tjwwk8ku99hal3v7
2kpunuee,2tjtxhu94l25p1j5i
l4mnpee8,2qqqvplkq8qby4efy
76stkaah,2pd92bn6p40jta67f
0sakdlyr,2p9yy1hg51vmfy1sx
0904hxp2,2msa1ru5ehvhiif7o
nnge21ng,2j7h048x9xrpu48qc
0lynxear,2g70h9e8m8nq4a7bd
e5btpjux,2e5ip6x4togfg7yer
0904hxp2,2bxc80r930htodog2
v8fvlwpz,2a2o9hjdyazysn8ph
u55vsfvh,29pvbg2bivrthji02
dflx2om4,29gonpm7fb9g0t0g8
rgob61a9,27ju942z58s00f799
n00j94n2,26lur0ljr1g22t5q3
2kpunuee,25bxp0vj5snad28d8
u55vsfvh,23jt1r87c2lbg76z4
l4mnpee8,22txpd6zqud3x8fyd
0lynxear,22s8ndoe7msj7x2w0
t3j7i7ti,21mix7lv79cs0b6ct
rgob61a9,1yji5495m5lq71u5j
bywxxxh2,1yb1nsx25pmwea4sh
0904hxp2,1y05navucdj9sk745
t3j7i7ti,1xr8v2oxb9zqt3p78
n2a7aqzn,1ukwcxw9do9camdc5
0sakdlyr,1ufriv9i6j5djk5u4
2kpunuee,1u8ejmfjrmdo7a7l2
bmhqiwid,1u3o6ebtgfrj3za6k
u55vsfvh,1tnjvi68ch3e5d0mc
0lynxear,1s17wmtdpv6yiiezc
n2a7aqzn,1rdm2xhha22or597b
76stkaah,1ofgrqjrfsx8oujei
n2a7aqzn,1nqnf2ahdkrapqo3n
76stkaah,1nfyia9tc7urm153n
dflx2om4,1n7x8rpyl8weep2y9
nnge21ng,1lt2lij49jzg27zuv
bmhqiwid,1ktq5pzrvumc6662r
n2a7aqzn,1kngcb51ket5nsxs8
dflx2om4,1k4834uki81jh3925
0lynxear,1iat6pmuuje42zdtg
v8fvlwpz,1i9wxpxfk8fssugt5
0sakdlyr,1dusevr28w4nx86dw
bmhqiwid,1c03qd44zus4g0lp2
bywxxxh2,1awvl17tsveuv0o3j
t3j7i7ti,19t9r78dnlp41ovjm
rgob61a9,19mzvmte01zhwm8un
0sakdlyr,17uu2tl8hxm91rueo
0sakdlyr,16xl7jp865fmjzm1u
bywxxxh2,164x7ftifwa2c9w4x
n00j94n2,129je33c7ggsdkozd
0904hxp2,128zahzofhbnpm4xf
rgob61a9,11rrs4l1map186yts
z2s49upu,10b0sp52zxug34i0t
u55vsfvh,0xtunc1fpokmwxywt
n00j94n2,0x58a5fq6xsecs5c0
n2a7aqzn,0ve619i66mxvxkmfl
z2s49upu,0u37hd9uqxoiyff5i
dflx2om4,0tewmyx3t9ayrmh74
2kpunuee,0rcwm2oqt9o4s1n5s
e5btpjux,0q6mqk7nkchsx7trx
n00j94n2,0pxzoyyq3q6zozgi7
l4mnpee8,0k6d8rlbpgy1am3b4
u55vsfvh,0j1wb2xmoosh7yh9x
e5btpjux,0iidhum23zbrx7v1a
bywxxxh2,0idzvxilav06ykcjz
nnge21ng,0id3dkqb47moy1n2n
bmhqiwid,0heyjkjjxdwgt4jkv
0lynxear,0ga17id2ndk97oyt0
e5btpjux,0g1pags931ez523et
u55vsfvh,0fk39cfp5e60k3c78
n00j94n2,0b9segx19zlrrzu58
v8fvlwpz,08mxjv1loww61qc3j
bmhqiwid,08l00gygdnvnn95um
v8fvlwpz,08exdjsvcuvgetmmm
0lynxear,06kca1us57nrg5js1
t3j7i7ti,03vagelkrv4rch8ms
0904hxp2,03rzalxlxwlh71emo
bmhqiwid,02ptea9or9loxufuq
u55vsfvh,0293nuo7p7b4ahyln
l4mnpee8,021yxuf4ftds677nn
2kpunuee,01rtaj9u9reuasazg
