cce8en4,zwc8eu2gi9495jh2s
ftj3i23,zvdz422w3zqnplrsf
z71v1qd,zsy7yxafbunm0af5a
h2z7222,zopimxohkmqqwuj1c
9yzfvnn,zoco057jd9o80e607
k7o44m9,znjsup6we844sbifb
zxorimm,zlaxxhwoho5z0z5es
0y6nyd2,zkl7m5su03ap4ibi0
e00471v,zhyym8wb8n1byhcl7
a6kxblw,zg9ef9wpfyzk83ly0
kgy8hj0,zdpr6nawdevlksg36
ygysqt9,zcgp3uwagfswp93s2
q0tcn44,zbh1ghbrktxwqhw46
e2u01zh,zathytcz9ymsdrjfx
k57dvaz,zaa1h63o08u14gnxk
geful9d,z932cbiddpeetobn4
dqzzlmb,z8lskwwaanuphkoo7
2a97ehx,z82n1dn6cou0pkxog
cobvzq0,z49luv9pw33b48g0v
75cntts,z49g2pydztao2tpjb
rbkndzp,z3dcq7h3zyvn1afg4
m05wpud,z2tyjhbi81dq45iq5
r2bm9d7,z2t41djn9kqapyxr2
033x2q8,yzabdadm7c1142h2l
84cr5fn,yx2qi3arhu4zwp4cx
ymxumq4,ywfbxg77a1opfyg5l
wf5xjwa,ywetrbtwufp2nwkz6
68rbs8d,ytbd3czozi0mxk9dp
izkvhh1,yp0msva7tta4h7p6n
fchkazv,yn05lkw13stea219j
vg5ygwy,ymepa3bsoo9r00khz
gdkuzdr,ylaawarai12myclzg
jjhlu38,yknl2au38cyfkvyq8
n84dwru,yju3yaw905ub53o3j
xt5fctg,yi02qjkzjg4bld189
kq38xqs,yfy9fwflv4g71i0i4
4rq12pp,yew7bbqmzknb0bbik
i4pfjrd,yes7do9caxodiw7h1
w281wof,yed25hdvpzl0obbl9
6aukwp3,yb049kykggecot0me
qhqh78d,yadjbnqaix62leghb
8hqq3pv,y98kfo8idx8ya6b37
udnbsji,y6zr094zr32429tjw
tgbi11h,y6bmvs56q0m70juj3
f3nu5af,y65kpt0hs9958n91b
awhi70x,y652qnl8q89zw065u
qck0gwr,y5x2l5crv37r6pbu0
h7wpriy,y5dy77lyofqvdzs2a
ctxs0vr,y58qyfq3opvdgetw2
mp6z3py,y4tjefycnwvaejiaa
k46d5ep,y3esrh0mnefo6j3aj
l3qpu1q,y39bymk1b4quj9ouf
lqv8thj,xyi4ux0owsh8jugqo
cd2rl9g,xxub8sqwdyqk8ya3y
y5hzvgt,xwqj2701au1tehz5m
vho93p1,xvyn5pcimuzoasqs1
43tatsj,xvsetdglfeebz716s
rrojbck,xvs7ryfyr82s4hnpw
p10wacl,xuytmzvf7ka7abcrs
ngxszyf,xurpcjdkhcxms41zd
8b67rv9,xtymh9vxv05dqgswj
h5r4seu,xsp9aimnc3lr4ucfh
h587dm1,xqgf9vwtu82eav9cw
cias0yj,xpk7g2dmlex4vyvl9
iu6lqz3,xlxmf74pejla5w4r6
hwh2ac0,xi6rpn8sirtc4ibf3
x6far7j,xf8kxvjzll33uihyu
tw4cgl0,xf44vqylfltz0g1g1
kpuzxnf,xdat6wh8c9ln6di6q
maur1y8,xcvrr6agd92vx3cun
mg6sugr,xcsn3jraggylenj73
j8znx1x,xcovmge5xa4fe8h3i
7ddtxe0,xckayp02mcyfxd1rz
rmnlwz2,xc6i4v1y4jbgw6uge
sw5b655,xayrn9du65iq5ylwb
7wepus7,x9zlwrth1mveknqr6
ru634zf,x9y6mxt7k5ubl79d7
m2qajpu,x7xhso81ys0wp7loo
4zund3a,x4zzkeidjjhk97f31
jp1al6l,x106ek0p01q7wnovm
ctma0d0,x0mfet7ut95kod4ql
d17d3uk,x06tb08de3m4fr8gb
8ujzy80,wzd1l6wx8tmidyhh7
rzmk6g5,wyj8cyyoc7e7amrgh
yztp228,wyhluita56byg4789
ft3ryxo,wxpdj4696urmmo7cb
kk69fvg,wwoh7h6uuzhljgnz8
fe4qw2h,wwmno1ukm859qcasg
wjb8ger,wwa7fm6mvxf2z3e6j
p8bcnh1,wtcjowxjphft025cq
l2b3yhp,wr3tkf2zf68mjc3yy
ugzyolm,wp40e1i4x4sf834tc
cilkn8b,wm40skxkgfiv0yw1t
0nle819,wm113s9dh7986d31u
ci4nr3h,wkxlh5hzhpty894lr
d7odgoj,wki8y5etzja6dlx99
dua1owv,wj101eudab5ho5qp0
q69zr1k,whf02p547p98b28xy
0avpc8n,wgoniljkfspzmq19s
lqrdb1e,wg8oqu9q1rghguni9
d9w06tn,wfm8zijyochvlvazx
aqwtpdt,weyfvknrk3y44a1rl
0oeqekf,weujf1zz197d236a9
c3mbtke,wdldod26uw6egym52
zm2lvvq,wc7vg362wlcnmnroy
mwoni79,wbrz1itcsqh42sd5c
6w9wxba,wbj9vbz73zc1j52w2
n6vsgqr,waa3qdvbe9uvz189l
fkgyxbm,wa16031wi94gke0no
xhyv5ir,wa0i4dq0qjlhh1k1n
0j8yyiv,w837jrndvdc3g23jo
0pk7h8x,w5s6ep777kd23cy7z
ghcirhu,w3c4054o4xlkiuzrp
lpvtjsa,w2sofo6d3ht8rosg0
owlfaqj,w1ukikxojjx2o4do0
6gedjzw,w0mwlfeoshwluped0
pj08elk,vzpk9bjmu3g5yrx2u
a41ard3,vzj5xrpferco7tgvx
jjkawsv,vy6gdbev6yicrlvsv
e6y56o8,vxaf66wxhrtbe8oqo
9j8nvrf,vv6ysn448qvtnq3km
co1g30m,vum0q2haxexp80bd2
lsed35r,vu7pr1l2p8yflxeui
j2jbeju,vqs4uywmqlxy3is29
k9j66jw,vp79b2e8o6mjcn9um
carnraz,vmtkqnanqwnel72zx
7to35r7,vix9p4eqr1rrq1osf
5q8knrx,vi1n8whomgjz5sw9o
7qcsagb,vhuwynplmmwzrppny
j27mk4w,vhpjpdjjtc2mt479c
qsrd6xt,vhi8tkcjo61ppfd5e
jpiih0u,vg8hll9o14ok9gobk
qwdmoyi,vftbuea0amh4xzir2
gsnvilh,veyizu1hlkbk43trn
47d1myu,vddra78j2q462eub7
0x0n9ni,vd6x0zxxh1a6p0tj0
x8b67mr,vbxagzn5a1en5wb30
4dl9bx0,vbuuax3rbsa08b9mm
ljtpnn3,va2lwbgne6btetkrv
b8of8p2,v4arpqn25430fhs4b
fr37f8p,v3the12mg0n11nhzw
x1rlwqh,v0fa8f2napp1ln7dp
1hfwx33,uvtyie9p6txagw5zh
ho87l9w,uv7e0taqlgxxd0te2
3kuoh1y,ut6jzkjafoewp1odg
uhp79a8,ut4m7m6zq3gs26tqt
jtr6jol,ustzdz838e3smnnie
03rg3z8,urw5k5fkvk9jj5gzf
lyjs9ma,urb2jrfaajbzy88x3
aezaci5,ur6y8hmiysb80jcpv
8kojpq9,ur6ixr6d37nyof7b8
b80t7pr,uq58tfurct0bhr10r
i5ktl43,upckv53kobebqycbh
rspb5zr,uokq85qlnwiabgshm
mpdqtm9,uncipgt453fihg0b7
pu74fup,um0obym5fsnbar86v
0pwracy,ujidmqh9t40qwiwqa
lnngyxn,ujdrnk0j42mpey312
o4mcp4v,uh1ovk8t8wnoci7wt
4nuer6w,ugkcposu7k52y65h4
pct1jr3,u84em80tnrwxp62ks
kwhft25,u81e0n43s953jzdyd
knl7goj,u6nn9b8eyz05845k8
w9s9ilz,u63w1x4whbjecgxes
54nwtj3,u441bk95ayrd5z314
k4121bb,u37bjig5w3u4gok1h
zjay3h1,u2n396uhx8jmid5st
srk24nf,u0575pvqbu7nune3b
dnc0iwn,u04kyivrjix8ugijj
8veltsv,txdoev5do6laz1web
69fbhan,tvw5c4cc4qftzv78j
t4dt2bi,tvi555yggwktpk40h
dt0747g,trhpkamiiw25pjbtw
6i55kd3,trameockoqu8g5l2u
qofwvva,tpt2bjz9bcxuiozu5
s87l5hw,tpcritsfo28qc8s2z
rl1kxiz,tp85elrx0trba9fci
43glyoj,tol1o57648k5k92xw
u7mzrbn,tlb95lqnm9anmqa9t
2s556ue,tl8cx86lzpguk2c1j
cttjwr9,tkpl53piuj7qqlkbp
wvsw78s,tkby6nlbpmn64gkou
ws7tdg7,t9lfy2uw9p34e0nao
d1h9e9g,t93qkxe45j7znbphe
qphqype,t8s2d6v4ev7546ulc
cqbywox,t88vbhxufqacldnai
1x12eci,t6x9lgg58icrq4fk5
7teccva,t2jpeoghoc8ne56uc
lxr3j1e,t1ns5tevva6qjdg6f
4tr2jm1,t09u023nyib410761
8ixkwoh,t00okuun8jlxueg0w
t8j9kdr,sv5x2e6k99z7bp2k4
s68y05h,stls6iazxliwf6kko
kpn2ptt,st6upn91qxy7e3zr0
hikppvh,st2242hlfgc53dsek
slgkr2x,srpzf4l0m4vcznfzj
noioste,srjimzhmymj1xcm1a
bfq6n18,sr8zbsdqvjltj88fo
hcvj1mu,sqwlk1zfc031aba9h
klijqel,sq7zztmczq10ceoud
rf6sgme,snd7bti37fz6c5c2o
ovqgkod,sn84aajjdzdqmwull
ck993hl,smwi6gtxjfpf1gkej
y4jbyf7,sm1n7iduqtnvtoddv
lu0novz,sluwvtbqjk18i3p9m
fgc7rch,skhz4whe9ep7vz34c
3phen3z,sh6jf4665vi78qxuo
b3semsr,sgzoor5l2jam0vtgx
ao55b2e,sflrx8z4feyss6o7n
uinagah,sfg1mgig18ztdfgtf
sovib1b,se15y9ybiw5l743cr
iydqf50,sdp1ah74soxf0vvdq
exytbgl,sdhlma1574t0if2fo
276thxa,sdgzam17pstanushs
34z1rsc,scbvge3fi9kqqbo65
vk6ckas,sbp77s60ec8g1t4gv
m0dcy3l,sauikugxm1kjrb1ot
9s2yjer,sargh8k97rp89h8yr
d3niw7m,sa99iowaa6yiur6p9
du94vu5,s5sg2qf2dnhhb0vl4
6heuc06,s4fxy4gdvvlikkbgx
i30l2ud,s3alle3evx81xv3zx
m47k1ln,s0bh96yut56wf7vgg
b5kqa0p,ryvdonpd379myj7pu
rqmb34j,ryv55rktj3cnzteay
bz9fohf,ryfvmhope6mwsu99r
n7fntk1,rx5tiz34qxfi6e0ou
hqmkkgk,rvvbk1bmpkom6thxx
2a6588x,ru01d7dzd96d01y1s
pw9jsly,rtzm1jhjmjy1guo3g
9alqgpm,rp9nlg7c4et7hm9zm
d8n2o15,rmwummrpvn3w9h080
vq45a7c,rm58uaqigdae9kt5w
tku7bw4,rlnnqjggw1zqyyz5u
nnhghgi,rkc6sfebxj0mbuhxu
8zeng7g,rjbx65xycnfo8oaey
z5t0kto,rgtkbfqbd1ockx0qq
6goekxg,rfssmrpai0sw6z5ga
v1hteqb,rf8oelilu4hznjtyt
wtg6vmw,re5jn894qhixkioeg
y3atjpn,rck3cbacw419aw40b
v2n5nxc,rc797vs7dp44c2ymg
8dotrde,ramv7n3gnhbspgp7z
pv4cwrz,r8fbk01tunlgm01r4
p1ufu5j,r7rq78xgpguqwt81z
yzan6zf,r6u2hvltcjzx9uxzi
r3q29a4,r6mq9n2xkzdilysyp
q1wuq20,r6lbrqj2ibc5ziomw
91a3scz,r5fntw5tzbs3m32lo
187r8uz,r38jl25c7gddlpzal
