jctgn,Ritchie Inc,58,Bonner,Anaheim,CA,92806,550-102-4006
f7xcb,Fahey LLC,3,Di Loreto,Xenia,OH,45385,713-648-5878
i7itf,Paucek Flatley and Mayer,3,Derek,Loxahatchee,FL,33470,431-831-1273
cwgao,Schneider Johnston and Maggio,2266,Brown,Zionsville,IN,46077,128-711-1490
wak24,Hamill Emmerich and Zieme,39,Bonner,Arlington Heights,IL,60004,824-786-6987
rdib1,Abshire Inc,6073,6th,Muskego,WI,53150,226-359-7490
box9n,Willms-Hagenes,905,Maple,Conway,SC,29526,383-781-1722
mzuus,Collins-Hartmann,5,Forest Dale,Grand Forks,ND,58201,503-421-6706
8vh6l,Daniel LLC,237,Prairie Rose,Dundalk,MD,21222,850-337-7421
ndf6l,Bradtke and Sons,953,Transport,Hillsboro,OR,97124,316-200-1190
3h3fg,Crona Morar and Kemmer,88,Namekagon,Lynn,MA,1902,173-429-1111
covup,Smith-Dare,3,West,Englewood,NJ,7631,721-332-2350
7f02m,Flatley-Renner,4553,Express,Rocky Mount,NC,27804,644-579-2470
k30hz,Boehm-Kutch,29395,Shelley,Seymour,IN,47274,803-904-2208
crcg6,Considine Morar and Jerde,463,Ryan,Elgin,IL,60120,953-753-8848
lz8eo,Krajcik-Champlin,482,Dayton,West Hempstead,NY,11552,271-505-1385
6ss5k,Fahey Reichert and McDermott,79496,Caliangt,Durham,NC,27703,572-710-3815
kcvto,Hermann Brakus and Ward,1,Ruskin,Grove City,OH,43123,915-742-9612
v4wxq,Watsica Muller and Hintz,90,Blaine,Montgomery,AL,36109,512-542-1371
u7gnz,Matts auto helper,51264,Golden Leaf,Newnan,GA,30263,593-863-8606