nnge21ng,Rutherford Inc
dflx2om4,Bayer Bosco and Dach
z2s49upu,Gottlieb Paucek and Hand
rgob61a9,Terry LLC
0lynxear,Hyatt Dooley
u55vsfvh,Boehm and Sons
bmhqiwid,Ondricka Considine
76stkaah,Torp Johnston
0904hxp2,McGlynn Bashirian and Rempel
t3j7i7ti,Kassulke Kuhlman
2kpunuee,Witting Group
n00j94n2,Hayes and Sons
n2a7aqzn,Schmitt Gibson
e5btpjux,Schmeler Corwin and Orn
0sakdlyr,Legros Goodwin and Morar
v8fvlwpz,Stroman and Sons
l4mnpee8,Conn Braun and Bauch
bywxxxh2,Abshire LLC
4f8hpj83,Fahey Bauch and Frami